commentary,crime
one second darker skin suspects armed firearms driving black mercedes suv carjacked memorial drive gas station cambridge suspects two middle eastern males second one,1
darker skin description clothing yet ahh armed firearms,1
inaudible supposedly saying inaudible fled towards harvard square believe also said one suspects went shell station paid cash gas put gas car fled victim able get vehicle,1
control went gas station paid cash gas fled towards harvard square,1
yea believe video shell station victim believe video station,1
inaudible tow truck driver inaudible,1
tango inaudible victim report operator operating vehicle armed firearm unsure passenger,1
said operator vehicle displayed firearm,1
shots fired shots fired one guys inaudible requesting additional help cruisers route inaudible way right going try block alley,1
armed sidearm said paid cash shell station fled towards harvard square,1
yea one firearm driver displayed firearm,1
,1
copy driver displayed firearm darker lighter skinned one displayed firearm,1
inaudible slight facial hair,1
okay second one armed firearm darker skinned male middle eastern height first darker skinned male armed firearm,1
inaudible okay wait,1
advised left back door open set,1
charlie car parked,1
inaudible add board advised partnered mit officers running calls cambridge,1
copy assisting mit,1
officer driving right,1
yes sir assigned mit along inaudible,1
officer vehicle,1
,1
yea weapon back vehicle repeat negative weapon system,1
e e e advised mit shooting victim stating vehicle heading possibly new york city involving shooting mit nz mercedes possibly heading new york involving shooting mit,1
age suspects,1
low mid,1
okay start heading let know,1
car unit square want jump already,1
mobile inaudible,1
heading watertown well car,1
control notified watertown right,1
affirmative,1
inaudible water canister gonna cigarettes pretty big area smoldering,1
units water canister car,1
ahh state police id behind us stolen vehicle time tv explaining state police vehicles leaving mass general hurry,1
thats confirmed dont visual went,1
units shots fired vehicle question cambridge area dexter ave watertown units assist watertown mt auburn dexter ave shots fired officers trying stop vehicle,1
units dexter mt auburn shots fired watertown shots fired watertown responding units use caution,1
dexter laurel watertown,1
inaudible major intersection streets,1
mt auburn,1
sarg know saying mt auburn mt auburn large street,1
okay,1
responding units begin calling,1
throwing type explosives grenades houses,1
shots fired shots fired loud explosions loud explosions shots fired shots fired,1
hear grenade going,1
told one subject dexter laurel attempting get back vehicle take ne subject shots fired,1
okay units clear air told throwing explosives explosions sort grenades houses,1
loud explosions loud explosions shots fired shots fired hear grenade going,1
fairfield crossover,1
send gold cars gold cars,1
gold cars route watertown dexter laurel,1
goddamn gold cars,1
route way,1
adams watertown think stolen truck state police,1
inaudible go inaudible wild dont know play,1
give landmark give landmark,1
suv state police,1
inaudible dropping,1
control going windsor broadway,1
advised shots fired stolen suv state police vehicle went adams street mt auburn adams street mt auburn,1
need ambulance adams street,1
one,1
guys inaudible,1
responding,1
control area laurel street know suspect area several units suspect area breath several units advise corner hazel dexter,1
shots fired shots fired officers pinned spruce street need backup spruce street need long guns need long guns,1
officers pinned spruce lincoln spruce lincoln officers pinned floored vehicle back yard spruce lincoln spruce lincoln officer pinned floored car backyard also advised sticks dynamite,1
reports explosives scene explosives scene,1
officer hazel dexter,1
spruce street need long guns spruce,1
broadway windsor talking gentleman hear,1
suspects suspect point,1
sarg stand setting perimeter,1
patch probably watertown yea watertown report second officer definitely hand grenades automatic gunfire,1
many ambulances state police watertown cambridge,1
spruce lincoln turn right go past mall right,1
ordered back police,1
maintain safe distance copy,1
advised told injured police officer transported hospital may suspect may injured may explosive devices scene ordered back,1
units retreat retreat units retreat retreat,1
location incident dexter laurel ordered back,1
minimize radio traffic lets go safe location advise maintain safe perimeter,1
getting word suspect foot inaudible laurel,1
making way foot spruce think pretty close,1
getting reports one suspects foot appleton laurel appleton laurel,1
need long guns,1
ray,1
spruce lincoln,1
cp see plain clothes perimeter walk backyards,1
plain clothes officers return road maintain perimeter return roads go backyards go walking backyards,1
suspect vehicle mercedes lincoln spruce unknown anyone attached,1
cp foot backyards dexter laurel,1
could use troopers lincoln street know covered yet would partner would go alone,1
inaudible setting perimeter arsenal school mt auburn,1
need description party large description party large please give,1
still inaudible,1
bravo brookline fbi well,1
spruce could advance vehicle,1
asking everyone switch channel,1
vehicle taken gun point far complying,1
bomb squad cp mt auburn package roadway,1
station h spruce need expand perimeter directions spruce police officers coming three block radius spruce start working interagency enough help need everything spruce blocks deep expanding,1
inaudible requesting mt auburn street arsenal street school street,1
okay complete blocks expand two blocks areas okay plenty police officers lets start using spruce first blocks blocks,1
sir might dumb question cell phones inadvertently set er ahh unexploded ordinances shut distance leave cruisers,1
possible cell phones set devices,1
control make announcement people leave cruiser,1
cp received units area power cell phones fear explosions,1
inaudible multiple locations devices please someone,1
inaudible locations deploy assets please,1
robot upland mt auburn need know second device believe somewhere near second officer,1
inaudible package ground mt auburn mt auburn,1
units stay away suspect vehicle inaudible goes,1
black pickup still outstanding,1
inaudible dexter ave laurel street,1
way hospital got one suspects coming beth israel,1
confirm suspect vehicle area yes,1
still area spruce,1
still inaudible,1
inaudible confirm several departments trying find going yards,1
last update two suspects one custody one ground custody yet locations mt auburn dexter upland dexter laurel,1
okay call watertown call watertown get confirmation stay,1
advised watertown answering phones right keep trying,1
asking everyone switch channel,1
inaudible dont know yet getting word officer missing officer missing spruce street,1
got bpu,1
let watertown know several units dartmouth street long rifles yea anyone confirm car took sp sp point,1
setting perimeter cypress street,1
officers requesting directions,1
officer hurt yea brandon head hey go officer checked central square nothing happening,1
squad dexter ave officer,1
notify squad,1
squad responding dexter ave watertown lets us know going bunch officers dartmouth street let us know want control know one suspect laurel street ems site custody still looking another yards,1
copy,1
yea tell get laurel dartmouth,1
sarg come dexter mt auburn blocks left,1
inaudible need get guns guns long guns back away background,1
location,1
dexter mt auburn yes dexter mt auburn,1
squad want give update dexter two,1
victims location one sp one officer,1
squad update,1
right cuz spruce looking one confirm,1
confirm,1
negative,1
till ground,1
confirmation second party second party ground custody laurel street emscontrol still waiting advised ground waiting robotis still something spruwe units spruce perimeter suspect spruce two need know,1
get confirmation one dexter mt auburn,1
two one ground upland street mt auburn one mt auburn two custody,1
officer spruce giving confirmation apprehended,1
looking two right looking one,1
mt auburn one upland mt auburn officer spruce correct definitely suspects,1
know second person mt auburn,1
advised units power cell phones immediately units power cell phones immediately may detonate explosives,1
confirmation second party mt auburn relation,1
control suspect vehicle spruce suspect vehicle spruce,1
officer spruce ahh math problem sp custody know,1
know gotten word one upland mt auburn custody gotten word another one dexter laurel fallen waiting ems second party inaudible,1
non cambridge units two suspects custody one dexter laurel one mt auburn upland two suspects custody,1
advised custody ground gunpoint custody custody yet,1
played nearly six minutes yer list ning five live bee bee cee real madrid nil manchester united nil bernabeu alonso drives right footed deep headed crossbar,0
robbie savage yeh thought united know back four bit deep initial free kick started penalty area drifted towards six yard,0
alan green sergio,0
robbie savage yep,0
alan green ramos got header,0
robbie savage think start higher line knowmaybe start edge penal area drop back six yard line know given,0
goalkeeper chance come geh,0
alan green ball played forward manchester united kagawa onside penalty area sergio ramos,0
diverts ball away goalkeeper prevents corner concedes throw sergio ramos looked across assistant said flag,0
robbie savage well think kagawa know ah think thought offside know react quick enough coz goal one one situation ramos acted quick quicker seen danger,0
alan green ah think half mind offside buh ah know anyway half chance manchester united certainy attack minded teams rio ferdinand,0
rio ferdinand right centre circle forward ta phil jones jones gives ta rooney,0
rooney tryin slip ball van persie intercepted er ramos clear,0
jonathan agnew dernbach first ball tonight went four first went ten released pressure,0
think targeting think batsmen around world know starting target indecipherable noise dernbach attack let go let release horses dernbach bowls elliott plays little dab uppercut towards third man could caught,0
finn coming round takes catch sharp alive,0
ground make left hand side elliott looking play air quite get right,0
guided close finn took good catch fourth wicket go,0
new zealand ninety five four fifteenth,0
derek pringle well jade dernbach first two balls spell real risk reward stuff outside stump probably line captain would advocate er tee twenty stage er,0
know drew elliott er uppercut er shot er quite get right pos place finn alert danger took good catch coming third man,0
jonathan agnew would taken one,0
derek pringle taking mock offence earth good pair hands,0
jonathan agnew laughing heh heh heh,0
derek pringle laughing ha ha ha,0
jonathan agnew big units finn good field,0
derek pringle perhaps might got quickly finn days bu,0
jonathan agnew might might indecipherable,0
derek pringle indecipherable pomp caught problem,0
strupar placing ball think man hoping strike word captain wilmots,0
well usually take striker penalty free kick round going hit,0
well hit well second time,0
good ball though,0
sure aiming deflandre makes awkward england particular southgate,0
back tanghe van kerkhoven strupar touch lampard accurate nature,0
guppy good idea steer forward quickly path phillips deflandre able lean across divert england throw,0
guppy peeters man expects cross get one time forced infield,0
delivery though comes dyer shaped cleared van meir,0
belgium slow push time freekick given shearer twenty eight international goals say five england players ever reached thirty mark,0
bobby charlton leading way fortynine gary lineker forty eight jimmy greaves forty four two thirty tom finney nat lofthouse er,0
thirty goals definitely gettable whether ever get top trio,0
well asked week course rightly ambition got maintain position four five years one would thought,0
shearer phillips,0
joe popular game earth kids playing street professional players huge stadiums people play watch game,0
football soccer popular ever among british girls women girls youth teams registered england,0
meet rising stars tottenham hotspur also known spurs london,0
minutes road famous white hart lane soccer stadium,0
spurs football club set years ago one famous clubs world playing english premier league,0
women teams playing spurs since,0
players spurs ladies academy team good enough,0
joe rubbish,0
could progress spurs women first team,0
footballer really like football competitive side wanting win games,0
footballer enjoy competition atmosphere,0
footballer discriminated sex,0
footballer like friends playing football thing love think really fun actually,0
joe today following kitty trains big match,0
get football,0
playing football since started playing park got picked coach moved tottenham hotspur,0
joe treated differently boys play football,0
get lot support standard coaching,0
joe girls team coach karen hills,0
karen last years football ladies country changed dramatically,0
playing many opportunities within schools many teams cater girls football,0
leagues set structure place playing way senior england ladies football,0
joe several weeks later time put training practice,0
spurs ladies academy playing barking abbey british colleges league division one big match kitty feeling,0
today going really competitive,0
two good sides pretty familiar,0
feeling quite nervous game today,0
joe teams pretty evenly matched five minutes game spurs go one nil scores,0
barking quickly hit back goal half time spurs score second goal second half kitty chance make three one,0
final score three two team,0
joe team win scored two goals feel,0
full time chester fc brackley really entertaining second half blues unable get win needed take playoff push final day,0
huge chance blues george green cuts inside curls one far corner pushed danny lewis falls howson connect offside flag raised breaks dudley,0
yellow card shenton beaten ball sterling james,0
final added time minimum four minutes,0
gareth dean goes book stopping dudley counter attack,0
lee ndlovu missed chances one ball flicked gets wrong side grand effort almost hits clock,0
second brackley substitution omari sterling james replaces adam walker,0
sponsors man match goes gary roberts,0
george green free kick headed behind corner mckenna goes take howson meets head goalwards brackley break,0
another brackley corner waters blocks cross byrne take falls connor hall box george waring blocks shenton gathers rebound,0
james armson another chance visitors time cross right side find top corner,0
first brackley change luke fairlamb replaces carl baker,0
first corner blues really good play waters beating man finding mckenna green takes brackley clear ndlovu brings away counter attack,0
howson wins ball back played back sits nicely thirty yards makes good contact well wide,0
brackley force another corner ndlovu header cleared taken byrne back ndlovu heads time,0
triple change blues come anthony dudley ben mckenna george green replacing iwan murray jamal crawford craig mahon,0
first corner second half goes visitors dean referee blows free kick anyway,0
brackley get game underway second half changes either side break,0
nothing separate two sides scoreboard break brackley better chances including shane byrne missing penalty grant shenton making number good saves,0
first half stoppage time minimum one minute,0
yellow card gary roberts stops brackley attack visitors get fancy free kick ndlovu tries flick chester clear,0
shane byrne steps shoots crossbar,0
brackley penalty former blue shep murombedzi goes pressure craig mahon shane byrne ball hands,0
big chance brackley carl baker meets shane byrne free kick former nuneaton man get header target,0
another bounce goes brackley away combination grand roberts get ball away breaks ndlovu shenton quickly make save,0
better chester win free kick played mahon turns past couple lays howson shoots well wide,0
first fake waring rushes take taken quickly goes third time blocked brackley adamant hand gareth dean spoken referee,0
another good chance corner back post cleared line indirect free kick blues six yard line,0
three corners quick succession visitors chester struggling clear lines gareth dean good header forces another super save grant shenton,0
first chance game falls lee ndlovu gets behind blues backline grant shenton makes big save,0
thank joining us day game rest tournament entertaining today games next month football absolutely exhilarating please tune coverage tomorrow france faces australia argentina takes iceland peru plays denmark croatia finishes day nigeria,0
marquee matchup spain portugal lived hype surrounding predicted cristiano ronaldo cristiano ronaldo score goals scored today including spectacular free kick brought game level however spain nacho scored goal discussion goal tournament spain looked like going coast victory two mistakes de gea pique leave spain disappointed spain go play iran portugal play morocco next matches june th,0
final whistle blows fisht olympic stadium absolutely spectacular match tied,0
ronaldo looks fourth header blocked defender way,0
ricardo quaresma dribbles past two defenders unleashes low drive blocked koke getting david de gea,0
cristiano ronaldo portugal,0
cristiano ronaldo steps take free kick curls wall back net david de gea even move silly foul gerard pique led free kick,0
lucas vazquez david silva spain,0
david silva subbed lucas vazquez david silva set diego costa second goal playing initial ball sergio busquets,0
iago aspas go outside box ball travels right arms rui patricio,0
andre silva goncalo guedes portugal,0
andre silva comes goncalo guedes fernando santos hope answer portugal looking get point match,0
cristiano ronaldo looks chip david de gea counter stuffed point contact,0
iago aspas diego costa spain,0
diego costa comes scoring two goals replaced iago aspas,0
ricardo quaresma outside foot shot goes bar,0
portugal tries equalize following corner shots hit target,0
diego costa scuffs shot wide post jordi alba perfectly places path,0
thiago andres iniesta spain,0
spanish legend andres iniesta replaced bayern munich thiago fernando hierro look thiago provide fresh legs center midfield,0
ricardo quaresma bernardo silva portugal,0
bernardo silva comes ricardo quaresma look provide pass width portuguese side,0
joao mario bruno fernandes portugal,0
joao mario comes bruno fernandes fernando santos hope joao mario find way spark portugal attack find equalizer,0
nacho scores absolute screamer volley keeper world would able save followed sequence ball squirted portugal defense hit post nacho first international goal remembered days come contender goal tournament,0
spain takes lead first time,0
diego costa assist sergio busquets spain,0
diego costa nets second goal following beautifully run free kick david silva found sergio busquets back post headed across goal mouth diego costa calmly tapped,0
spain equalize,0
bruno fernandes effort outside box misses wide right winning ball back andres iniesta,0
gianluca rocchi blows whiste start second half teams switched sides portugal attack left right,0
portugal extremely happy half taking lead late spain portugal started hot early cristiano ronaldo earned penalty converted spain took control first half elegant passing leading many goal scoring opportunities however goal came amazing individual effort diego costa slotting passed diving rui patricio portugal retook lead shot give david de gea nightmares weeks come well give fans flashback rob green blunder united states fumbled ball net spain positives owning possession must better dealing portugal counter attacks portugal obvious thing give ball ronaldo let,0
gianluca rocchi blows whistle following corner end exciting first half two footballing giants,0
cristiano ronaldo assist goncalo guedes portugal,0
cristiano ronaldo unleashes strike left foot david de gea fumbles goal,0
portugal retakes lead,0
david silva hits outswinger corner winds sergio busquets head near penalty spot misses target,0
spanish legend andres iniesta looks goal misses shot wide play beautifully set spain classic tiki taka passing jordi alba cross,0
david silva go goal free kick get past wall,0
bruno fernandes portugal,0
bruno fernandes earns yellow card late tackle nacho,0
diego costa spain,0
diego costa shows masterful display patience hold ball past three portuguese defenders places bottom left corner goal portuguese players mad appears costa hit pepe throat,0
spain get equaliser,0
andres iniesta dribbles masterfully portugal defense sets david silva hits portuguese defender goes play corner,0
cristiano ronaldo steps take free kick puts right wall high velocity,0
sergio busquets spain,0
sergio busquets reckless challenge goncalo guedes leads first player referees book,0
david silva hits shot bar diego costa sets spain first real opportunity,0
penalty kick goal cristiano ronaldo portugal,0
three minutes cristiano ronaldo calmly puts away penalty sending david de gea wrong way,0
cristiano ronaldo goes box tripped real madrid teammate nacho delay video assisted referee confirms penalty,0
gianluca rocchi blows whistle underway sochi portugal wears red attack right left first half spain wears white kit,0
today match takes place fisht olympic stadium sochi originally constructed winter olympics seat stadium opened football stadium,0
portugal versus spain rivalry dates back series favors spain matches drawn lost portugal last time two football powerhouses met world cup round david villa scored winner starting spain march world cup title,0
spain substitutions kepa arrizabalaga marco asensio iago aspas cesar azpilicueta dani carvajal nacho monreal alvaro odriozola pepe reina rodrigo saul thiago lucas vazquez,0
spain david de gea nacho gerard pique sergio ramos jordi alba sergio busquets koke david silva isco andres iniesta diego costa fernando hierro,0
portugal substitutions beto ruben dias manuel fernandes joao mario anthony lopes gelson martins bruno alves ricardo pereira ricardo quaresma mario rui adrien silva andre silva,0
portugal rui patricio cedric pepe jose fonte raphael guerreiro william carvalho joao moutinho bernardo silva goncalo guedes bruno fernandes cristiano ronaldo fernando santos,0
spain look repeat world cup performance trying avoid world cup performance failed make group stage big news coming spain camp firing manager julen lopetegui eve start world cup lopetegui lose match managing spain spain players rallied together gerard pique referencing michigan wolverines basketball team implying win even new manager,0
uefa european champions look make group stage failing might cristiano ronaldo last world cup ronaldo looking glory help experienced defense led goalie rui patricio stalwart center back pepe goncalo guedes bernardo silva look provide pace support wings,0
one marquee match ups group stages world cup see portugal face spain group b kickoff little hour away let take look today starting lineups analyze team news coming respective base camps,0
